
{
    "subjects": [
        {
            "name": "इतिहास (History)",
            "sections": [
                {
                    "name": "खंड अ (अतिलघुरात्मक प्रश्न)",
                    "description": "उत्तर एक शब्द अथवा एक पंक्ति में दीजिए।",
                    "questions": [
                        { "question": "सिंधु सभ्यता का स्थल 'धोलावीरा' किस राज्य में स्थित है?", "marks": 1 },
                        { "question": "मौर्य वंश के संस्थापक कौन थे?", "marks": 1 },
                        { "question": "'अर्थशास्त्र' के रचयिता कौन थे?", "marks": 1 },
                        { "question": "इब्न बतूता किस देश का यात्री था?", "marks": 1 },
                        { "question": "अकबरनामा किसने लिखा था?", "marks": 1 },
                        { "question": "विजयनगर साम्राज्य की स्थापना किसने की थी?", "marks": 1 },
                        { "question": "पानीपत का प्रथम युद्ध कब और किसके बीच हुआ?", "marks": 1 },
                        { "question": "सांची का स्तूप किस धर्म से संबंधित है?", "marks": 1 },
                        { "question": "1857 की क्रांति की शुरुआत कहाँ से हुई थी?", "marks": 1 },
                        { "question": "महात्मा गांधी के राजनीतिक गुरु कौन थे?", "marks": 1 },
                        { "question": "भारत का संविधान कब लागू हुआ?", "marks": 1 },
                        { "question": "अल-बिरूनी द्वारा लिखे गए ग्रंथ का नाम क्या है?", "marks": 1 }
                    ]
                },
                {
                    "name": "खंड ब (लघु उत्तरात्मक प्रश्न)",
                    "description": "उत्तर लगभग 50 शब्दों में दीजिए।",
                    "questions": [
                        { "question": "अशोक के धम्म की मुख्य विशेषताएँ क्या थीं?", "marks": 2 },
                        { "question": "विजयनगर साम्राज्य की जल-संरक्षण प्रणाली का वर्णन कीजिए।", "marks": 2 },
                        { "question": "हड़प्पा सभ्यता के पतन के कोई दो कारण बताइए।", "marks": 2 },
                        { "question": "सूफीवाद के सिद्धांतों को संक्षेप में समझाइए।", "marks": 2 },
                        { "question": "स्थायी बंदोबस्त (Permanent Settlement) से आप क्या समझते हैं?", "marks": 2 },
                        { "question": "भारत छोड़ो आंदोलन के महत्व पर प्रकाश डालिए।", "marks": 2 },
                        { "question": "संविधान सभा में उद्देश्य प्रस्ताव किसने प्रस्तुत किया?", "marks": 2 }
                    ]
                },
                {
                    "name": "खंड स (दीर्घ उत्तरीय प्रश्न)",
                    "description": "उत्तर लगभग 100-150 शब्दों में दीजिए।",
                    "questions": [
                        { "question": "1857 के विद्रोह के प्रमुख राजनीतिक और आर्थिक कारणों की विवेचना कीजिए।", "marks": 4 },
                        { "question": "भक्ति आंदोलन के मुख्य सिद्धांतों पर प्रकाश डालिए तथा समाज पर इसके प्रभाव की चर्चा कीजिए।", "marks": 4 },
                        { "question": "मुगलकालीन कृषि समाज में महिलाओं की भूमिका का वर्णन कीजिए।", "marks": 4 },
                        { "question": "महात्मा गांधी ने राष्ट्रीय आंदोलन को किस प्रकार एक जन आंदोलन में बदल दिया? स्पष्ट कीजिए।", "marks": 4 }
                    ]
                },
                {
                    "name": "खंड द (निबंधात्मक प्रश्न)",
                    "description": "उत्तर लगभग 250-300 शब्दों में दीजिए।",
                    "questions": [
                        { "question": "हड़प्पा सभ्यता की नगर-नियोजन प्रणाली की विस्तृत समीक्षा कीजिए तथा इसके सामाजिक और आर्थिक जीवन पर प्रकाश डालिए।", "marks": 6 },
                        { "question": "भारतीय संविधान के निर्माण में संविधान सभा की भूमिका का आलोचनात्मक मूल्यांकन कीजिए।", "marks": 6 }
                    ]
                }
            ]
        },
        {
            "name": "राजनीति विज्ञान (Political Science)",
            "sections": [
                {
                    "name": "खंड अ (अतिलघुरात्मक प्रश्न)",
                    "description": "उत्तर एक शब्द अथवा एक पंक्ति में दीजिए।",
                    "questions": [
                        { "question": "शीत युद्ध किन दो महाशक्तियों के बीच था?", "marks": 1 },
                        { "question": "भारत में आपातकाल किस वर्ष लगाया गया था?", "marks": 1 },
                        { "question": "ASEAN का पूरा नाम क्या है?", "marks": 1 },
                        { "question": "भारत में 'हरित क्रांति' का जनक किसे माना जाता है?", "marks": 1 },
                        { "question": "सूचना का अधिकार अधिनियम किस वर्ष पारित हुआ?", "marks": 1 },
                        { "question": "प्रथम गुटनिरपेक्ष शिखर सम्मेलन कहाँ हुआ था?", "marks": 1 }
                    ]
                },
                {
                    "name": "खंड ब (लघु उत्तरात्मक प्रश्न)",
                    "description": "उत्तर लगभग 50 शब्दों में दीजिए।",
                    "questions": [
                        { "question": "गुटनिरपेक्ष आंदोलन में भारत की भूमिका पर संक्षिप्त टिप्पणी लिखिए।", "marks": 2 },
                        { "question": "शॉक थेरेपी के क्या परिणाम हुए?", "marks": 2 },
                        { "question": "नीति आयोग (NITI Aayog) के मुख्य उद्देश्य क्या हैं?", "marks": 2 },
                        { "question": "दल-बदल से आप क्या समझते हैं?", "marks": 2 }
                    ]
                },
                {
                    "name": "खंड स (दीर्घ उत्तरीय प्रश्न)",
                    "description": "उत्तर लगभग 100-150 शब्दों में दीजिए।",
                    "questions": [
                        { "question": "भारत की विदेश नीति के निर्धारक तत्वों का विश्लेषण कीजिए।", "marks": 4 },
                        { "question": "क्षेत्रीय आकांक्षाओं के रूप में द्रविड़ आंदोलन पर एक लेख लिखिए।", "marks": 4 },
                        { "question": "आपातकाल (1975) के क्या सबक थे? विस्तार से समझाइए।", "marks": 4 }
                    ]
                },
                {
                    "name": "खंड द (निबंधात्मक प्रश्न)",
                    "description": "उत्तर लगभग 250-300 शब्दों में दीजिए।",
                    "questions": [
                        { "question": "भारतीय लोकतंत्र के समक्ष प्रमुख चुनौतियों का विस्तार से वर्णन कीजिए तथा उनके समाधान हेतु सुझाव दीजिए।", "marks": 6 }
                    ]
                }
            ]
        },
        {
            "name": "भौतिक विज्ञान (Physics)",
            "sections": [
                {
                    "name": "खंड अ",
                    "description": "उत्तर एक शब्द अथवा एक पंक्ति में दीजिए।",
                    "questions": [
                        { "question": "विद्युत फ्लक्स का SI मात्रक लिखिए।", "marks": 1 },
                        { "question": "एक आदर्श वोल्टमीटर का प्रतिरोध कितना होता है?", "marks": 1 },
                        { "question": "लेंज का नियम किस संरक्षण नियम पर आधारित है?", "marks": 1 },
                        { "question": "पूर्ण आंतरिक परावर्तन के लिए दो आवश्यक शर्तें क्या हैं?", "marks": 1 }
                    ]
                },
                {
                    "name": "खंड ब",
                    "description": "उत्तर लगभग 30-40 शब्दों में दीजिए।",
                    "questions": [
                        { "question": "बायो-सेवर्ट का नियम क्या है? इसका गणितीय रूप लिखिए।", "marks": 2 },
                        { "question": "विद्युत चुम्बकीय तरंगों के कोई चार गुण लिखिए।", "marks": 2 }
                    ]
                },
                {
                    "name": "खंड स",
                    "description": "उत्तर लगभग 100-150 शब्दों में दीजिए।",
                    "questions": [
                        { "question": "गॉस की प्रमेय का उपयोग करके एक समान आवेशित अनंत समतल चादर के कारण किसी बिंदु पर विद्युत क्षेत्र की तीव्रता का व्यंजक प्राप्त कीजिए।", "marks": 4 },
                        { "question": "प्रकाश के व्यतिकरण और विवर्तन में अंतर स्पष्ट कीजिए।", "marks": 4 }
                    ]
                },
                {
                    "name": "खंड द",
                    "description": "उत्तर लगभग 250-300 शब्दों में दीजिए।",
                    "questions": [
                        { "question": "एक ट्रांसफार्मर की संरचना और कार्यविधि का सचित्र वर्णन कीजिए। इसमें होने वाली ऊर्जा हानियों का उल्लेख कीजिए।", "marks": 6 }
                    ]
                }
            ]
        },
        {
            "name": "हिन्दी साहित्य (Hindi Literature)",
            "sections": [
                {
                    "name": "खंड अ",
                    "description": "अपठित गद्यांश/पद्यांश और व्याकरण।",
                    "questions": [
                        { "question": "'भक्तिन' पाठ की लेखिका कौन हैं?", "marks": 1 },
                        { "question": "'कैमरे में बंद अपाहिज' कविता किस काव्य संग्रह से ली गई है?", "marks": 1 },
                        { "question": "'सिल्वर वैडिंग' कहानी के मुख्य पात्र का नाम क्या है?", "marks": 1 }
                    ]
                },
                {
                    "name": "खंड ब",
                    "description": "उत्तर लगभग 40-50 शब्दों में दीजिए।",
                    "questions": [
                        { "question": "'बाजार दर्शन' पाठ के आधार पर बाजार के जादू को स्पष्ट कीजिए।", "marks": 2 },
                        { "question": "'पतंग' कविता में बच्चों की उमंगों का वर्णन कैसे किया गया है?", "marks": 2 }
                    ]
                },
                {
                    "name": "खंड स",
                    "description": "उत्तर लगभग 100-150 शब्दों में दीजिए।",
                    "questions": [
                        { "question": "महादेवी वर्मा द्वारा रचित 'भक्तिन' के चरित्र की उन विशेषताओं का उल्लेख कीजिए जिन्होंने आपको सर्वाधिक प्रभावित किया।", "marks": 4 },
                        { "question": "'जूझ' कहानी के आधार पर लेखक के संघर्ष और जुझारूपन पर प्रकाश डालिए।", "marks": 4 }
                    ]
                },
                {
                    "name": "खंड द",
                    "description": "किसी एक विषय पर निबंध लिखिए (लगभग 300 शब्द)।",
                    "questions": [
                        { "question": "निम्नलिखित में से किसी एक पर सप्रसंग व्याख्या कीजिए: 'बात सीधी थी पर एक बार भाषा के चक्कर में ज़रा टेढ़ी फंस गई...'", "marks": 6 }
                    ]
                }
            ]
        },
        {
            "name": "रसायन विज्ञान (Chemistry)",
            "sections": [
                {
                    "name": "खंड अ",
                    "description": "उत्तर एक शब्द अथवा एक पंक्ति में दीजिए।",
                    "questions": [
                        { "question": "विलयन की मोलरता को परिभाषित कीजिए।", "marks": 1 },
                        { "question": "प्राथमिक सेल का एक उदाहरण दीजिए।", "marks": 1 }
                    ]
                },
                {
                    "name": "खंड ब",
                    "description": "उत्तर लगभग 30-40 शब्दों में दीजिए।",
                    "questions": [
                        { "question": "अभिक्रिया की कोटि और आणविकता में दो अंतर लिखिए।", "marks": 2 }
                    ]
                },
                {
                    "name": "खंड स",
                    "description": "उत्तर लगभग 100-150 शब्दों में दीजिए।",
                    "questions": [
                        { "question": "संक्रमण तत्व परिवर्ती ऑक्सीकरण अवस्था क्यों दर्शाते हैं? समझाइए।", "marks": 4 }
                    ]
                },
                {
                    "name": "खंड द",
                    "description": "उत्तर लगभग 250-300 शब्दों में दीजिए।",
                    "questions": [
                        { "question": "ऐल्डिहाइड और कीटोन में विभेद करने के लिए दो रासायनिक परीक्षण दीजिए। संबंधित रासायनिक समीकरण भी लिखिए।", "marks": 6 }
                    ]
                }
            ]
        },
        {
            "name": "भूगोल (Geography)",
            "sections": [
                {
                    "name": "खंड अ",
                    "description": "उत्तर एक शब्द अथवा एक पंक्ति में दीजिए।",
                    "questions": [
                        { "question": "मानव भूगोल का जनक किसे कहा जाता है?", "marks": 1 },
                        { "question": "भारत में सर्वाधिक जनसंख्या घनत्व वाला राज्य कौन सा है?", "marks": 1 }
                    ]
                },
                {
                    "name": "खंड ब",
                    "description": "उत्तर लगभग 50 शब्दों में दीजिए।",
                    "questions": [
                        { "question": "प्रवास के अपकर्ष और प्रतिकर्ष कारकों में अंतर स्पष्ट कीजिए।", "marks": 2 }
                    ]
                },
                {
                    "name": "खंड स",
                    "description": "उत्तर लगभग 100-150 शब्दों में दीजिए।",
                    "questions": [
                        { "question": "भारत में लौह-अयस्क के वितरण का वर्णन कीजिए।", "marks": 4 }
                    ]
                },
                {
                    "name": "खंड द",
                    "description": "उत्तर लगभग 250-300 शब्दों में दीजिए।",
                    "questions": [
                        { "question": "भारत में चावल की कृषि के लिए अनुकूल भौगोलिक दशाओं तथा इसके उत्पादन क्षेत्रों का विस्तृत वर्णन कीजिए।", "marks": 6 }
                    ]
                }
            ]
        },
        {
            "name": "समाजशास्त्र (Sociology)",
            "sections": [
                {
                    "name": "खंड अ",
                    "description": "उत्तर एक शब्द अथवा एक पंक्ति में दीजिए।",
                    "questions": [
                        { "question": "जाति को परिभाषित कीजिए।", "marks": 1 },
                        { "question": "सांस्कृतिकरण की अवधारणा किसने दी?", "marks": 1 }
                    ]
                },
                {
                    "name": "खंड ब",
                    "description": "उत्तर लगभग 50 शब्दों में दीजिए।",
                    "questions": [
                        { "question": "सामाजिक स्तरीकरण से आप क्या समझते हैं?", "marks": 2 }
                    ]
                },
                {
                    "name": "खंड स",
                    "description": "उत्तर लगभग 100-150 शब्दों में दीजिए।",
                    "questions": [
                        { "question": "भारत में सामाजिक आंदोलन के रूप में किसान आंदोलन की भूमिका पर चर्चा करें।", "marks": 4 }
                    ]
                },
                {
                    "name": "खंड द",
                    "description": "उत्तर लगभग 250-300 शब्दों में दीजिए।",
                    "questions": [
                        { "question": "भूमंडलीकरण ने भारतीय समाज को किस प्रकार प्रभावित किया है? विस्तार से समझाइए।", "marks": 6 }
                    ]
                }
            ]
        },
        {
            "name": "अर्थशास्त्र (Economics)",
            "sections": [
                {
                    "name": "खंड अ",
                    "description": "उत्तर एक शब्द अथवा एक पंक्ति में दीजिए।",
                    "questions": [
                        { "question": "व्यष्टि अर्थशास्त्र क्या है?", "marks": 1 },
                        { "question": "मुद्रा का एक प्राथमिक कार्य बताइए।", "marks": 1 }
                    ]
                },
                {
                    "name": "खंड ब",
                    "description": "उत्तर लगभग 50 शब्दों में दीजिए।",
                    "questions": [
                        { "question": "स्टॉक और प्रवाह में क्या अंतर है?", "marks": 2 }
                    ]
                },
                {
                    "name": "खंड स",
                    "description": "उत्तर लगभग 100-150 शब्दों में दीजिए।",
                    "questions": [
                        { "question": "केंद्रीय बैंक के प्रमुख कार्यों का वर्णन कीजिए।", "marks": 4 }
                    ]
                },
                {
                    "name": "खंड द",
                    "description": "उत्तर लगभग 250-300 शब्दों में दीजिए।",
                    "questions": [
                        { "question": "राष्ट्रीय आय की गणना की व्यय विधि को विस्तार से समझाइए।", "marks": 6 }
                    ]
                }
            ]
        },
        {
            "name": "अंग्रेजी साहित्य (English Literature)",
            "sections": [
                {
                    "name": "Section A",
                    "description": "Reading",
                    "questions": [
                        { "question": "What is the theme of the poem 'My Mother at Sixty-Six'?", "marks": 1 },
                        { "question": "Who is the author of 'The Last Lesson'?", "marks": 1 }
                    ]
                },
                {
                    "name": "Section B",
                    "description": "Writing Skills",
                    "questions": [
                        { "question": "You are the secretary of the Eco Club of your school. Write a notice for the school notice board informing students about a tree plantation drive.", "marks": 2 }
                    ]
                },
                {
                    "name": "Section C",
                    "description": "Literature (Answer in 100-150 words)",
                    "questions": [
                        { "question": "Describe the character of the peddler in 'The Rattrap'.", "marks": 4 }
                    ]
                },
                {
                    "name": "Section D",
                    "description": "Long Answer Question (Answer in 250-300 words)",
                    "questions": [
                        { "question": "How did the incident at the YMCA pool affect Douglas? What was its impact on his life?", "marks": 6 }
                    ]
                }
            ]
        }
    ]
}

    