
{
  "streams": [
    {
      "name": "विज्ञान (Science)",
      "subjects": [
        {
          "name": "भौतिक विज्ञान (Physics)",
          "topics": [
            "विद्युत आवेश तथा क्षेत्र",
            "स्थिरविद्युत विभव तथा धारिता",
            "विद्युत धारा",
            "गतिमान आवेश और चुंबकत्व",
            "चुंबकत्व एवं द्रव्य",
            "विद्युतचुंबकीय प्रेरण",
            "प्रत्यावर्ती धारा",
            "विद्युतचुंबकीय तरंगें",
            "किरण प्रकाशिकी एवं प्रकाशिक यंत्र",
            "तरंग-प्रकाशिकी",
            "विकिरण तथा द्रव्य की द्वैत प्रकृति",
            "परमाणु",
            "नाभिक",
            "अर्धचालक इलेक्ट्रॉनिकी: पदार्थ, युक्तियाँ तथा सरल परिपथ"
          ]
        },
        {
          "name": "रसायन विज्ञान (Chemistry)",
          "topics": [
            "विलयन",
            "विद्युतरसायन",
            "रासायनिक बलगतिकी",
            "d- एवं f- ब्लॉक के तत्व",
            "उपसहसंयोजन यौगिक",
            "हैलोऐल्केन तथा हैलोऐरीन",
            "ऐल्कोहॉल, फीनॉल एवं ईथर",
            "ऐल्डिहाइड, कीटोन एवं कार्बोक्सिलिक अम्ल",
            "ऐमीन",
            "जैव-अणु"
          ]
        },
        {
          "name": "जीव विज्ञान (Biology)",
          "topics": [
            "पुष्पी पादपों में लैंगिक जनन",
            "मानव जनन",
            "जनन स्वास्थ्य",
            "वंशागति तथा विविधता के सिद्धांत",
            "वंशागति के आणविक आधार",
            "विकास",
            "मानव स्वास्थ्य तथा रोग",
            "खाद्य उत्पादन में वृद्धि की कार्यनीति",
            "मानव कल्याण में सूक्ष्म जीव",
            "जैव प्रौद्योगिकी-सिद्धांत व प्रक्रम",
            "जैव प्रौद्योगिकी एवं उसके उपयोग",
            "जीव और समष्टियाँ",
            "पारितंत्र",
            "जैव विविधता एवं संरक्षण",
            "पर्यावरण के मुद्दे"
          ]
        },
        {
          "name": "गणित (Mathematics)",
          "topics": [
            "संबंध एवं फलन",
            "प्रतिलोम त्रिकोणमितीय फलन",
            "आव्यूह",
            "सारणिक",
            "सांतत्य तथा अवकलनीयता",
            "अवकलज के अनुप्रयोग",
            "समाकलन",
            "समाकलनों के अनुप्रयोग",
            "अवकल समीकरण",
            "सदिश बीजगणित",
            "त्रिविमीय ज्यामिति",
            "रैखिक प्रोग्रामन",
            "प्रायिकता"
          ]
        }
      ]
    },
    {
      "name": "वाणिज्य (Commerce)",
      "subjects": [
        {
          "name": "लेखाशास्त्र (Accountancy)",
          "topics": [
            "अलाभकारी संस्थाओं के लिए लेखांकन",
            "साझेदारी लेखांकन - आधारभूत अवधारणाएँ",
            "साझेदारी फर्म का पुनर्गठन : साझेदार का प्रवेश",
            "साझेदारी का पुनर्गठन : साझेदार की सेवानिवृत्ति/मृत्यु",
            "साझेदारी फर्म का विघटन",
            "अंशपूँजी के लिए लेखांकन",
            "ऋणपत्रों का निर्गम एवं मोचन",
            "कम्पनी के वित्तीय विवरण",
            "वित्तीय विवरणों का विश्लेषण",
            "लेखांकन अनुपात",
            "रोकड़ प्रवाह विवरण"
          ]
        },
        {
          "name": "व्यवसाय अध्ययन (Business Studies)",
          "topics": [
            "प्रबंध की प्रकृति एवं महत्त्व",
            "प्रबंध के सिद्धांत",
            "व्यावसायिक पर्यावरण",
            "नियोजन",
            "संगठन",
            "नियुक्तिकरण",
            "निर्देशन",
            "नियंत्रण",
            "वित्तीय प्रबंध",
            "वित्तीय बाज़ार",
            "विपणन",
            "उपभोक्ता संरक्षण"
          ]
        },
        {
          "name": "अर्थशास्त्र (Economics)",
          "topics": [
            "व्यष्टि अर्थशास्त्र एक परिचय",
            "उपभोक्ता के व्यवहार का सिद्धांत",
            "उत्पादन तथा लागत",
            "पूर्ण प्रतिस्पर्धा की स्थिति में फर्म का सिद्धांत",
            "बाज़ार संतुलन",
            "प्रतिस्पर्धारहित बाज़ार",
            "समष्टि अर्थशास्त्र एक परिचय",
            "राष्ट्रीय आय का लेखांकन",
            "मुद्रा और बैंकिंग",
            "आय और रोजगार के निर्धारण",
            "सरकारी बजट एवं अर्थव्यवस्था",
            "खुली अर्थव्यवस्था - समष्टि अर्थशास्त्र"
          ]
        }
      ]
    },
    {
      "name": "कला (Arts)",
      "subjects": [
        {
            "name": "इतिहास (History)",
            "topics": [
              "ईंटें, मनके और अस्थियाँ: हड़प्पा सभ्यता (उत्पत्ति, कृषि, मोहनजोदड़ो, सामाजिक भिन्नताएँ, शिल्प उत्पादन, लिपि, पतन)",
              "राजा, किसान और नगर: आरंभिक राज्य और अर्थव्यवस्थाएँ (महाजनपद, मगध, मौर्य साम्राज्य, अशोक के अभिलेख, चोल, चेर, पांड्य)",
              "बंधुत्व, जाति तथा वर्ग: आरंभिक समाज (महाभारत, परिवार, पितृवंशिकता, वर्ण व्यवस्था, सामाजिक विषमताएँ)",
              "विचारक, विश्वास और इमारतें: सांस्कृतिक विकास (सांची, यज्ञ, जैन धर्म, बौद्ध धर्म, स्तूप)",
              "यात्रियों के नजरिए: समाज के बारे में उनकी समझ (अल-बिरूनी, इब्न बतूता, फ्रांस्वा बर्नियर)",
              "भक्ति-सूफी परंपराएँ: धार्मिक विश्वासों में बदलाव (अलवार, नयनार, वीरशैव, सूफीवाद, भक्ति आंदोलन)",
              "एक साम्राज्य की राजधानी: विजयनगर (हम्पी, राय, नायक, सुल्तान, जल संसाधन, मंदिर स्थापत्य)",
              "किसान, ज़मींदार और राज्य: कृषि समाज और मुगल साम्राज्य (कृषि संबंध, ज़मींदार, भू-राजस्व, अकबरनामा, आईन-ए-अकबरी)",
              "उपनिवेशवाद और देहात (स्थायी बंदोबस्त, रैयतवाड़ी, संथाल)",
              "विद्रोही और राज: 1857 का आंदोलन (विद्रोह का स्वरूप, कारण, नेता, अवध में विद्रोह)",
              "महात्मा गांधी और राष्ट्रीय आंदोलन (चंपारण, असहयोग, नमक सत्याग्रह, भारत छोड़ो आंदोलन)",
              "संविधान का निर्माण (संविधान सभा, उद्देश्य प्रस्ताव, वाद-विवाद)",
              "मानचित्र कार्य (ऐतिहासिक स्थल)"
            ]
        },
        {
            "name": "राजनीति विज्ञान (Political Science)",
            "topics": [
              "दो ध्रुवीयता का अंत (सोवियत प्रणाली, विघटन, शॉक थेरेपी)",
              "समकालीन सत्ता के केंद्र (EU, ASEAN, चीन, जापान, दक्षिण कोरिया)",
              "समकालीन दक्षिण एशिया (पाकिस्तान, बांग्लादेश, नेपाल, श्रीलंका, भारत-पाक संघर्ष)",
              "अंतर्राष्ट्रीय संगठन (UNO, IMF, विश्व बैंक, WTO)",
              "समकालीन विश्व में सुरक्षा (पारंपरिक और अपारंपरिक धारणाएँ, भारत की सुरक्षा रणनीति)",
              "पर्यावरण और प्राकृतिक संसाधन (वैश्विक चिंताएँ, साझा संपदा, भारत का रुख)",
              "वैश्वीकरण (अवधारणा, कारण, परिणाम, प्रतिरोध)",
              "राष्ट्र निर्माण की चुनौतियाँ (विभाजन, रियासतों का एकीकरण)",
              "एक दल के प्रभुत्व का दौर (कांग्रेस प्रणाली, विपक्षी दल)",
              "नियोजित विकास की राजनीति (पंचवर्षीय योजनाएँ, नीति आयोग)",
              "कांग्रेस प्रणाली: चुनौतियाँ और पुनर्स्थापना (इंदिरा गांधी, गैर-कांग्रेसवाद, 1971 चुनाव)",
              "लोकतांत्रिक व्यवस्था का संकट (आपातकाल - कारण, परिणाम, सबक)",
              "क्षेत्रीय आकांक्षाएँ (जम्मू-कश्मीर, पंजाब, पूर्वोत्तर)",
              "भारतीय राजनीति: नए बदलाव (गठबंधन युग, मंडल मुद्दा, राम जन्मभूमि, नई आर्थिक नीति)"
            ]
        },
        {
            "name": "भूगोल (Geography)",
            "topics": [
                "मानव भूगोल - प्रकृति और विषय क्षेत्र",
                "विश्व जनसंख्या: वितरण, घनत्व और वृद्धि (जनांकिकीय संक्रमण)",
                "मानव विकास (HDI, स्तंभ, उपागम)",
                "प्राथमिक क्रियाएँ (आखेट, पशुचारण, कृषि, खनन)",
                "द्वितीयक क्रियाएँ (विनिर्माण उद्योग)",
                "तृतीयक और चतुर्थ क्रियाकलाप (सेवाएँ, व्यापार, परिवहन, संचार)",
                "अंतर्राष्ट्रीय व्यापार (आधार, प्रकार, पत्तन)",
                "भारत जनसंख्या: वितरण, घनत्व, वृद्धि, संघटन",
                "मानव बस्तियाँ (ग्रामीण और नगरीय प्रकार)",
                "भू-संसाधन और कृषि (भू-उपयोग, प्रमुख फसलें)",
                "जल संसाधन (उपलब्धता, समस्याएँ, संरक्षण)",
                "खनिज और ऊर्जा संसाधन (धात्विक, अधात्विक, परंपरागत, गैर-परंपरागत)",
                "भारत के संदर्भ में नियोजन और सतत पोषणीय विकास (इंदिरा गांधी नहर)",
                "प्रायोगिक भूगोल (मानचित्र, स्केल, अक्षांश, देशांतर)"
            ]
        },
        {
          "name": "हिन्दी साहित्य (Hindi Literature)",
          "topics": [
            "आरोह (गद्य खंड): महादेवी वर्मा (भक्तिन), जैनेन्द्र कुमार (बाजार दर्शन), धर्मवीर भारती (काले मेघा पानी दे), फणीश्वरनाथ 'रेणु' (पहलवान की ढोलक), हजारी प्रसाद द्विवेदी (शिरीष के फूल), बाबा साहेब भीमराव अंबेडकर (श्रम विभाजन और जाति प्रथा)",
            "आरोह (काव्य खंड): हरिवंशराय बच्चन (आत्मपरिचय, एक गीत), आलोक धन्वा (पतंग), कुँवर नारायण (कविता के बहाने, बात सीधी थी पर), रघुवीर सहाय (कैमरे में बंद अपाहिज), गजानन माधव मुक्तिबोध (सहर्ष स्वीकारा है), शमशेर बहादुर सिंह (उषा), सूर्यकांत त्रिपाठी 'निराला' (बादल राग), तुलसीदास (कवितावली, लक्ष्मण-मूर्छा और राम का विलाप), फिराक गोरखपुरी (रुबाइयाँ, गजल), उमाशंकर जोशी (छोटा मेरा खेत, बगुलों के पंख)",
            "वितान (पूरक पाठ्यपुस्तक): सिल्वर वैडिंग, जूझ, अतीत में दबे पाँव, डायरी के पन्ने",
            "अभिव्यक्ति और माध्यम: विभिन्न माध्यमों के लिए लेखन, पत्रकारीय लेखन, सृजनात्मक लेखन"
          ]
        },
        {
          "name": "समाजशास्त्र (Sociology)",
          "topics": [
            "भारतीय समाज: संरचना और स्तरीकरण",
            "सामाजिक संस्थाएँ: निरंतरता और परिवर्तन",
            "बाजार एक सामाजिक संस्था के रूप में",
            "सामाजिक असमानता और बहिष्कार के स्वरूप",
            "सांस्कृतिक विविधता की चुनौतियाँ",
            "भारत में सामाजिक परिवर्तन और विकास: संरचनात्मक परिवर्तन",
            "सांस्कृतिक परिवर्तन",
            "ग्रामीण समाज में विकास और परिवर्तन",
            "औद्योगिक समाज में परिवर्तन और विकास",
            "भूमंडलीकरण और सामाजिक परिवर्तन",
            "जनसंपर्क साधन और संचार",
            "सामाजिक आंदोलन"
          ]
        },
        {
            "name": "अर्थशास्त्र (Economics)",
            "topics": [
                "व्यष्टि अर्थशास्त्र: एक परिचय",
                "उपभोक्ता के व्यवहार का सिद्धांत",
                "उत्पादन तथा लागत",
                "पूर्ण प्रतिस्पर्धा की स्थिति में फर्म का सिद्धांत",
                "बाजार संतुलन",
                "गैर-प्रतिस्पर्धी बाजार",
                "समष्टि अर्थशास्त्र: एक परिचय",
                "राष्ट्रीय आय का लेखांकन",
                "मुद्रा और बैंकिंग",
                "आय निर्धारण",
                "सरकारी बजट और अर्थव्यवस्था",
                "खुली अर्थव्यवस्था: समष्टि अर्थशास्त्र"
            ]
        },
        {
          "name": "अंग्रेजी साहित्य (English Literature)",
          "topics": [
            "Flamingo (Prose): The Last Lesson, Lost Spring, Deep Water, The Rattrap, Indigo, Poets and Pancakes, The Interview, Going Places",
            "Flamingo (Poetry): My Mother at Sixty-Six, An Elementary School Classroom in a Slum, Keeping Quiet, A Thing of Beauty, A Roadside Stand, Aunt Jennifer's Tigers",
            "Vistas (Supplementary Reader): The Third Level, The Tiger King, Journey to the end of the Earth, The Enemy, Should Wizard hit Mommy, On the face of It, Evans Tries an O-Level, Memories of Childhood",
            "Reading Comprehension, Note Making & Summarizing",
            "Writing Skills: Advertisements, Notices, Posters, Invitations & Replies, Letters, Article & Report Writing"
          ]
        }
      ]
    }
  ]
}
